Edible?,Cap-shape,Cap-surface,Cap-color,Bruises?,Odor,Gill-attacment,Gill-spacing,Gill-size,Gill-color,Stalk-shape,Stalk-root,Stalk-surface-above-ring,Stalk-surface-below-ring,Stalk-color-above-ring,Stalk-color-below-ring,Veil-Type,Veil-Color,Ring-number,Ring-Type,Spore-print-color,Population,Habitat,Species
e,f,s,n,,,f,c,b,k,t,,f,f,w,w,p,w,o,e,k,a,g,Agaricus campestris
e,x,s,g,,,f,c,b,p,t,,f,f,w,w,p,w,o,e,k,a,g,Agaricus campestris
e,x,s,n,,,f,c,b,h,t,,f,s,w,w,p,w,o,e,k,a,g,Agaricus campestris
e,f,f,n,,,f,c,b,h,t,,f,f,w,w,p,w,o,e,n,a,g,Agaricus campestris
e,f,s,g,,,f,c,b,p,t,,s,f,w,w,p,w,o,e,k,a,g,Agaricus campestris
e,f,f,w,,,f,c,b,p,t,,s,f,w,w,p,w,o,e,n,a,g,Agaricus campestris
e,f,s,w,,,f,c,b,n,t,,s,s,w,w,p,w,o,e,k,a,g,Agaricus campestris
e,x,f,w,,,f,c,b,h,t,,f,s,w,w,p,w,o,e,k,a,g,Agaricus campestris
e,f,s,w,,,f,c,b,p,t,,s,f,w,w,p,w,o,e,k,s,g,Agaricus campestris
e,x,f,n,,,f,c,b,h,t,,f,s,w,w,p,w,o,e,k,a,g,Agaricus campestris
e,x,s,g,,,f,c,b,p,t,,s,f,w,w,p,w,o,e,n,a,g,Agaricus campestris
e,x,s,g,,,f,c,b,k,t,,f,s,w,w,p,w,o,e,k,a,g,Agaricus campestris
e,f,f,g,,,f,c,b,n,t,,s,f,w,w,p,w,o,e,k,a,g,Agaricus campestris
e,f,f,g,,,f,c,b,k,t,,f,s,w,w,p,w,o,e,n,a,g,Agaricus campestris
e,x,s,g,,,f,c,b,h,t,,s,s,w,w,p,w,o,e,k,s,g,Agaricus campestris
e,x,f,n,,,f,c,b,p,t,,f,s,w,w,p,w,o,e,n,s,g,Agaricus campestris
e,f,s,w,,,f,c,b,p,t,,s,s,w,w,p,w,o,e,n,a,g,Agaricus campestris
e,f,f,w,,,f,c,b,h,t,,f,s,w,w,p,w,o,e,n,a,g,Agaricus campestris
e,x,s,n,,,f,c,b,p,t,,f,f,w,w,p,w,o,e,k,s,g,Agaricus campestris
e,f,s,g,,,f,c,b,h,t,,f,f,w,w,p,w,o,e,k,a,g,Agaricus campestris
e,f,f,n,,,f,c,b,k,t,,s,f,w,w,p,w,o,e,n,a,g,Agaricus campestris
e,f,f,g,,,f,c,b,n,t,,f,f,w,w,p,w,o,e,k,s,g,Agaricus campestris
e,f,s,g,,,f,c,b,k,t,,f,f,w,w,p,w,o,e,k,s,g,Agaricus campestris
e,f,s,w,,,f,c,b,p,t,,f,s,w,w,p,w,o,e,k,a,g,Agaricus campestris
e,f,s,g,,,f,c,b,k,t,,s,s,w,w,p,w,o,e,k,a,g,Agaricus campestris
e,f,f,g,t,,f,c,b,n,e,,k,y,g,g,p,w,o,p,n,v,d,Agaricus haemorrhoidarius
e,f,y,e,t,,f,c,b,p,e,,k,k,p,w,p,w,o,p,n,v,d,Agaricus haemorrhoidarius
e,f,y,g,t,,f,c,b,p,e,,y,k,w,w,p,w,o,p,n,y,d,Agaricus haemorrhoidarius
e,x,f,e,t,,f,c,b,u,e,,y,k,g,w,p,w,o,p,n,y,d,Agaricus haemorrhoidarius
e,f,f,e,t,,f,c,b,u,e,,y,k,w,p,p,w,o,p,n,s,d,Agaricus haemorrhoidarius
e,x,f,e,t,,f,c,b,u,e,,y,k,p,w,p,w,o,p,n,v,d,Agaricus haemorrhoidarius
e,x,y,g,t,,f,c,b,u,e,,k,y,w,g,p,w,o,p,n,s,d,Agaricus haemorrhoidarius
e,x,f,n,t,,f,c,b,w,e,,y,k,w,g,p,w,o,p,n,s,d,Agaricus haemorrhoidarius
e,x,f,e,t,,f,c,b,n,e,,y,y,w,w,p,w,o,p,n,y,d,Agaricus haemorrhoidarius
e,x,f,n,t,,f,c,b,p,e,,k,y,w,p,p,w,o,p,n,y,d,Agaricus haemorrhoidarius
e,x,y,g,t,,f,c,b,u,e,,k,k,p,p,p,w,o,p,n,s,d,Agaricus haemorrhoidarius
e,f,y,n,t,,f,c,b,p,e,,y,y,p,p,p,w,o,p,n,v,d,Agaricus haemorrhoidarius
e,f,y,g,t,,f,c,b,p,e,,k,y,p,g,p,w,o,p,n,y,d,Agaricus haemorrhoidarius
e,x,y,g,t,,f,c,b,p,e,,y,y,w,w,p,w,o,p,n,v,d,Agaricus haemorrhoidarius
e,x,f,n,t,,f,c,b,w,e,,k,k,w,g,p,w,o,p,n,y,d,Agaricus haemorrhoidarius
e,x,y,g,t,,f,c,b,u,e,,k,k,g,p,p,w,o,p,n,v,d,Agaricus haemorrhoidarius
e,f,y,e,t,,f,c,b,u,e,,y,y,p,p,p,w,o,p,n,s,d,Agaricus haemorrhoidarius
e,x,f,g,t,,f,c,b,p,e,,k,k,p,w,p,w,o,p,n,s,d,Agaricus haemorrhoidarius
e,f,f,e,t,,f,c,b,n,e,,k,k,g,g,p,w,o,p,n,s,d,Agaricus haemorrhoidarius
e,f,y,e,t,,f,c,b,w,e,,y,k,p,g,p,w,o,p,n,s,d,Agaricus haemorrhoidarius
e,x,y,n,t,,f,c,b,n,e,,y,y,g,p,p,w,o,p,n,s,d,Agaricus haemorrhoidarius
e,f,f,n,t,,f,c,b,w,e,,k,k,w,w,p,w,o,p,n,s,d,Agaricus haemorrhoidarius
e,f,f,n,t,,f,c,b,p,e,,k,k,w,g,p,w,o,p,n,s,d,Agaricus haemorrhoidarius
e,x,y,n,t,,f,c,b,p,e,,k,k,w,g,p,w,o,p,n,s,d,Agaricus haemorrhoidarius
e,x,f,n,t,,f,c,b,n,e,,k,k,g,w,p,w,o,p,n,s,d,Agaricus haemorrhoidarius
e,x,y,w,,,f,w,n,h,e,,s,f,w,w,p,w,o,f,h,y,d,Agaricus subrutilescens
e,f,y,w,,,f,w,n,u,e,,s,f,w,w,p,w,o,f,h,y,d,Agaricus subrutilescens
e,f,y,w,,,f,c,n,p,e,,s,f,w,w,p,w,o,f,h,y,d,Agaricus subrutilescens
e,x,y,w,,,f,w,n,p,e,,s,f,w,w,p,w,o,f,h,n,d,Agaricus subrutilescens
e,f,y,w,,,f,w,n,u,e,,s,f,w,w,p,w,o,f,h,n,d,Agaricus subrutilescens
e,f,y,w,,,f,w,n,w,e,,s,f,w,w,p,w,o,f,h,y,d,Agaricus subrutilescens
e,x,y,w,,,f,w,n,w,e,,s,f,w,w,p,w,o,f,h,y,d,Agaricus subrutilescens
e,x,y,w,,,f,w,n,p,e,,s,f,w,w,p,w,o,f,h,y,d,Agaricus subrutilescens
e,x,y,w,,,f,c,n,u,e,,s,f,w,w,p,w,o,f,h,n,d,Agaricus subrutilescens
e,f,y,w,,,f,c,n,w,e,,s,f,w,w,p,w,o,f,h,v,d,Agaricus subrutilescens
e,f,y,w,,,f,c,n,h,e,,s,f,w,w,p,w,o,f,h,n,d,Agaricus subrutilescens
e,x,y,w,,,f,w,n,p,e,,s,f,w,w,p,w,o,f,h,y,d,Agaricus subrutilescens
e,x,y,w,,,f,w,n,h,e,,s,f,w,w,p,w,o,f,h,v,d,Agaricus subrutilescens
e,x,y,w,,,f,c,n,h,e,,s,f,w,w,p,w,o,f,h,n,d,Agaricus subrutilescens
e,f,y,w,,,f,w,n,h,e,,s,f,w,w,p,w,o,f,h,v,d,Agaricus subrutilescens
e,x,y,w,,,f,c,n,u,e,,s,f,w,w,p,w,o,f,h,n,d,Agaricus subrutilescens
e,f,y,w,,,f,w,n,h,e,,s,f,w,w,p,w,o,f,h,v,d,Agaricus subrutilescens
e,f,y,w,,,f,w,n,h,e,,s,f,w,w,p,w,o,f,h,v,d,Agaricus subrutilescens
e,x,y,w,,,f,w,n,h,e,,s,f,w,w,p,w,o,f,h,v,d,Agaricus subrutilescens
e,x,y,w,,,f,c,n,w,e,,s,f,w,w,p,w,o,f,h,y,d,Agaricus subrutilescens
e,f,y,w,,,f,c,n,w,e,,s,f,w,w,p,w,o,f,h,v,d,Agaricus subrutilescens
e,f,y,w,,,f,c,n,u,e,,s,f,w,w,p,w,o,f,h,v,d,Agaricus subrutilescens
e,f,y,w,,,f,w,n,w,e,,s,f,w,w,p,w,o,f,h,v,d,Agaricus subrutilescens
e,f,y,w,,,f,w,n,p,e,,s,f,w,w,p,w,o,f,h,n,d,Agaricus subrutilescens
e,f,y,w,,,f,c,n,p,e,,s,f,w,w,p,w,o,f,h,n,d,Agaricus subrutilescens
p,k,y,e,t,m,f,c,b,y,e,,k,y,c,c,p,w,o,n,w,s,d,Lepiota josserandi
p,x,y,e,t,m,a,c,b,y,e,,k,y,c,c,p,w,o,n,w,s,d,Lepiota josserandi
p,k,y,n,t,m,f,c,b,y,e,,k,y,c,c,p,w,o,n,w,s,d,Lepiota josserandi
p,f,y,e,t,m,a,c,b,y,e,,k,y,c,c,p,w,o,n,w,y,d,Lepiota josserandi
p,x,y,e,t,m,f,c,b,y,e,,k,y,c,c,p,w,o,n,w,s,d,Lepiota josserandi
p,k,y,c,t,m,a,c,b,y,e,,k,y,c,c,p,w,o,n,w,s,d,Lepiota josserandi
p,k,y,e,t,m,a,c,b,w,e,,k,y,c,c,p,w,o,n,w,y,d,Lepiota josserandi
p,x,y,c,t,m,f,c,b,y,e,,k,y,c,c,p,w,o,n,w,s,d,Lepiota josserandi
p,f,y,n,t,m,a,c,b,w,e,,k,y,c,c,p,w,o,n,w,s,d,Lepiota josserandi
p,k,y,c,t,m,a,c,b,w,e,,k,y,c,c,p,w,o,n,w,y,d,Lepiota josserandi
p,f,y,c,t,m,f,c,b,w,e,,k,y,c,c,p,w,o,n,w,s,d,Lepiota josserandi
p,x,y,c,t,m,f,c,b,y,e,,k,y,c,c,p,w,o,n,w,y,d,Lepiota josserandi
p,f,y,e,t,m,f,c,b,y,e,,k,y,c,c,p,w,o,n,w,y,d,Lepiota josserandi
p,x,y,n,t,m,a,c,b,y,e,,k,y,c,c,p,w,o,n,w,s,d,Lepiota josserandi
p,k,y,e,t,m,a,c,b,w,e,,k,y,c,c,p,w,o,n,w,y,d,Lepiota josserandi
p,f,y,c,t,m,a,c,b,w,e,,k,y,c,c,p,w,o,n,w,y,d,Lepiota josserandi
p,k,y,n,t,m,a,c,b,y,e,,k,y,c,c,p,w,o,n,w,y,d,Lepiota josserandi
p,f,y,n,t,m,a,c,b,y,e,,k,y,c,c,p,w,o,n,w,s,d,Lepiota josserandi
p,x,y,n,t,m,a,c,b,w,e,,k,y,c,c,p,w,o,n,w,y,d,Lepiota josserandi
p,x,y,e,t,m,f,c,b,y,e,,k,y,c,c,p,w,o,n,w,s,d,Lepiota josserandi
p,k,y,e,t,m,f,c,b,w,e,,k,y,c,c,p,w,o,n,w,s,d,Lepiota josserandi
p,x,y,c,t,m,f,c,b,y,e,,k,y,c,c,p,w,o,n,w,s,d,Lepiota josserandi
p,f,y,n,t,m,a,c,b,y,e,,k,y,c,c,p,w,o,n,w,s,d,Lepiota josserandi
p,k,y,c,t,m,f,c,b,y,e,,k,y,c,c,p,w,o,n,w,y,d,Lepiota josserandi
p,f,y,c,t,m,a,c,b,y,e,,k,y,c,c,p,w,o,n,w,s,d,Lepiota josserandi
p,x,s,w,t,f,f,c,b,w,e,b,f,s,w,w,p,w,o,p,h,v,g,Agaricus xanthodermus
p,f,s,g,t,f,f,c,b,p,e,b,f,f,w,w,p,w,o,f,h,s,p,Agaricus xanthodermus
p,x,s,g,t,f,f,c,b,h,e,b,s,s,w,w,p,w,o,p,h,s,u,Agaricus xanthodermus
p,x,s,g,t,f,f,c,b,h,e,b,s,s,w,w,p,w,o,p,h,v,u,Agaricus xanthodermus
p,f,s,g,t,f,f,c,b,h,e,b,f,f,w,w,p,w,o,p,h,s,p,Agaricus xanthodermus
p,x,s,g,t,f,f,c,b,w,e,b,s,f,w,w,p,w,o,f,h,s,u,Agaricus xanthodermus
p,x,s,w,t,f,f,c,b,w,e,b,f,f,w,w,p,w,o,f,h,v,p,Agaricus xanthodermus
p,f,s,g,t,f,f,c,b,p,e,b,f,s,w,w,p,w,o,p,h,s,u,Agaricus xanthodermus
p,f,s,w,t,f,f,c,b,w,e,b,s,s,w,w,p,w,o,f,h,s,g,Agaricus xanthodermus
p,f,s,w,t,f,f,c,b,p,e,b,f,s,w,w,p,w,o,p,h,v,u,Agaricus xanthodermus
p,f,s,g,t,f,f,c,b,w,e,b,s,f,w,w,p,w,o,f,h,s,u,Agaricus xanthodermus
p,f,s,w,t,f,f,c,b,p,e,b,s,s,w,w,p,w,o,f,h,v,u,Agaricus xanthodermus
p,x,s,g,t,f,f,c,b,h,e,b,s,f,w,w,p,w,o,f,h,s,p,Agaricus xanthodermus
p,x,s,w,t,f,f,c,b,w,e,b,f,s,w,w,p,w,o,f,h,v,u,Agaricus xanthodermus
p,x,s,w,t,f,f,c,b,p,e,b,f,f,w,w,p,w,o,f,h,s,g,Agaricus xanthodermus
p,x,s,w,t,f,f,c,b,p,e,b,f,f,w,w,p,w,o,f,h,s,g,Agaricus xanthodermus
p,f,s,w,t,f,f,c,b,h,e,b,f,s,w,w,p,w,o,f,h,v,u,Agaricus xanthodermus
p,x,s,g,t,f,f,c,b,p,e,b,s,f,w,w,p,w,o,f,h,v,p,Agaricus xanthodermus
p,f,s,g,t,f,f,c,b,w,e,b,f,f,w,w,p,w,o,p,h,v,u,Agaricus xanthodermus
p,f,s,g,t,f,f,c,b,p,e,b,s,s,w,w,p,w,o,f,h,v,g,Agaricus xanthodermus
p,x,s,g,t,f,f,c,b,h,e,b,s,f,w,w,p,w,o,f,h,s,p,Agaricus xanthodermus
p,f,s,g,t,f,f,c,b,p,e,b,s,s,w,w,p,w,o,f,h,s,u,Agaricus xanthodermus
p,f,s,w,t,f,f,c,b,p,e,b,f,s,w,w,p,w,o,p,h,v,u,Agaricus xanthodermus
p,f,s,g,t,f,f,c,b,w,e,b,f,f,w,w,p,w,o,p,h,v,u,Agaricus xanthodermus
p,x,s,w,t,f,f,c,b,h,e,b,f,f,w,w,p,w,o,f,h,s,p,Agaricus xanthodermus
p,k,y,w,f,n,f,w,n,w,e,,s,s,y,w,p,w,o,p,w,c,w,Lepiota cepaestipes
p,c,y,w,f,n,f,w,n,w,e,,s,s,y,y,p,w,o,p,w,c,d,Lepiota cepaestipes
p,c,y,y,f,n,f,w,n,w,e,,s,s,w,w,p,w,o,p,w,c,u,Lepiota cepaestipes
p,k,y,y,f,n,f,w,n,w,e,,s,s,w,w,p,w,o,p,w,c,w,Lepiota cepaestipes
p,b,y,y,f,n,f,w,n,w,e,,s,s,w,y,p,w,o,p,w,c,d,Lepiota cepaestipes
p,f,y,w,f,n,f,w,n,w,e,,s,s,w,w,p,w,o,p,w,c,d,Lepiota cepaestipes
p,c,y,y,f,n,f,w,n,w,e,,s,s,w,y,p,w,o,p,w,c,u,Lepiota cepaestipes
p,f,y,w,f,n,f,w,n,w,e,,s,s,y,w,p,w,o,p,w,c,u,Lepiota cepaestipes
p,f,y,y,f,n,f,w,n,w,e,,s,s,y,y,p,w,o,p,w,c,u,Lepiota cepaestipes
p,b,y,w,f,n,f,w,n,w,e,,s,s,w,y,p,w,o,p,w,c,w,Lepiota cepaestipes
p,f,y,y,f,n,f,w,n,w,e,,s,s,y,y,p,w,o,p,w,c,w,Lepiota cepaestipes
p,f,y,w,f,n,f,w,n,w,e,,s,s,w,w,p,w,o,p,w,c,u,Lepiota cepaestipes
p,c,y,w,f,n,f,w,n,w,e,,s,s,y,w,p,w,o,p,w,c,w,Lepiota cepaestipes
p,c,y,y,f,n,f,w,n,w,e,,s,s,w,y,p,w,o,p,w,c,u,Lepiota cepaestipes
p,c,y,w,f,n,f,w,n,w,e,,s,s,w,y,p,w,o,p,w,c,u,Lepiota cepaestipes
p,c,y,y,f,n,f,w,n,w,e,,s,s,w,y,p,w,o,p,w,c,w,Lepiota cepaestipes
p,k,y,y,f,n,f,w,n,w,e,,s,s,w,y,p,w,o,p,w,c,u,Lepiota cepaestipes
p,b,y,y,f,n,f,w,n,w,e,,s,s,w,y,p,w,o,p,w,c,w,Lepiota cepaestipes
p,k,y,y,f,n,f,w,n,w,e,,s,s,w,w,p,w,o,p,w,c,d,Lepiota cepaestipes
p,f,y,y,f,n,f,w,n,w,e,,s,s,y,w,p,w,o,p,w,c,d,Lepiota cepaestipes
p,c,y,w,f,n,f,w,n,w,e,,s,s,y,y,p,w,o,p,w,c,w,Lepiota cepaestipes
p,k,y,w,f,n,f,w,n,w,e,,s,s,y,w,p,w,o,p,w,c,u,Lepiota cepaestipes
p,k,y,w,f,n,f,w,n,w,e,,s,s,y,y,p,w,o,p,w,c,d,Lepiota cepaestipes
p,c,y,y,f,n,f,w,n,w,e,,s,s,y,y,p,w,o,p,w,c,w,Lepiota cepaestipes
p,c,y,w,f,n,f,w,n,w,e,,s,s,w,w,p,w,o,p,w,c,u,Lepiota cepaestipes
p,k,s,w,f,,f,w,b,w,e,,s,s,w,w,o,w,o,z,w,n,g,Lepiota naucina
p,k,s,g,f,,f,w,b,p,e,,k,k,w,w,o,w,o,z,w,n,g,Lepiota naucina
p,k,f,g,f,,f,w,b,p,e,,k,f,w,w,o,w,o,z,w,c,g,Lepiota naucina
p,x,y,g,f,,f,w,b,p,e,,s,s,w,w,o,w,o,z,w,c,g,Lepiota naucina
p,k,f,w,f,,f,w,b,g,e,,f,f,w,w,o,w,o,z,w,n,g,Lepiota naucina
p,k,y,w,f,,f,w,b,p,e,,k,k,w,w,o,w,o,z,w,n,g,Lepiota naucina
p,k,s,g,f,,f,w,b,p,e,,s,f,w,w,o,w,o,z,w,s,g,Lepiota naucina
p,x,y,g,f,,f,w,b,p,e,,s,k,w,w,o,w,o,z,w,s,g,Lepiota naucina
p,x,f,g,f,,f,w,b,g,e,,k,k,w,w,o,w,o,z,w,c,g,Lepiota naucina
p,k,y,w,f,,f,w,b,w,e,,f,f,w,w,o,w,o,z,w,c,g,Lepiota naucina
p,k,f,w,f,,f,w,b,g,e,,k,f,w,w,o,w,o,z,w,n,g,Lepiota naucina
p,x,f,g,f,,f,w,b,w,e,,k,s,w,w,o,w,o,z,w,s,g,Lepiota naucina
p,x,y,g,f,,f,w,b,g,e,,s,f,w,w,o,w,o,z,w,c,g,Lepiota naucina
p,k,y,w,f,,f,w,b,w,e,,s,f,w,w,o,w,o,z,w,n,g,Lepiota naucina
p,k,f,g,f,,f,w,b,p,e,,f,k,w,w,o,w,o,z,w,n,g,Lepiota naucina
p,x,f,g,f,,f,w,b,w,e,,s,k,w,w,o,w,o,z,w,n,g,Lepiota naucina
p,x,s,w,f,,f,w,b,p,e,,f,s,w,w,o,w,o,z,w,n,g,Lepiota naucina
p,k,s,g,f,,f,w,b,p,e,,s,f,w,w,o,w,o,z,w,n,g,Lepiota naucina
p,k,y,w,f,,f,w,b,p,e,,s,f,w,w,o,w,o,z,w,n,g,Lepiota naucina
p,k,s,g,f,,f,w,b,g,e,,f,f,w,w,o,w,o,z,w,c,g,Lepiota naucina
p,k,y,w,f,,f,w,b,w,e,,s,s,w,w,o,w,o,z,w,c,g,Lepiota naucina
p,k,f,g,f,,f,w,b,g,e,,s,s,w,w,o,w,o,z,w,s,g,Lepiota naucina
p,k,f,w,f,,f,w,b,p,e,,f,k,w,w,o,w,o,z,w,s,g,Lepiota naucina
p,x,f,w,f,,f,w,b,w,e,,s,f,w,w,o,w,o,z,w,s,g,Lepiota naucina
p,x,y,g,f,,f,w,b,g,e,,k,k,w,w,o,w,o,z,w,c,g,Lepiota naucina
p,f,y,g,t,f,f,c,b,p,t,b,k,k,n,b,p,w,o,l,h,v,g,Agaricus meleagris
p,x,f,n,t,f,f,c,b,g,t,b,k,k,b,p,p,w,o,l,h,y,p,Agaricus meleagris
p,x,f,n,t,f,f,c,b,h,t,b,k,k,n,b,p,w,o,l,h,s,p,Agaricus meleagris
p,f,y,n,t,f,f,c,b,g,t,b,k,k,p,p,p,w,o,l,h,v,g,Agaricus meleagris
p,f,y,n,t,f,f,c,b,p,t,b,k,k,b,n,p,w,o,l,h,y,d,Agaricus meleagris
p,f,y,n,t,f,f,c,b,h,t,b,k,k,p,p,p,w,o,l,h,s,p,Agaricus meleagris
p,f,y,g,t,f,f,c,b,p,t,b,k,k,n,b,p,w,o,l,h,s,d,Agaricus meleagris
p,x,f,n,t,f,f,c,b,h,t,b,k,k,n,b,p,w,o,l,h,s,g,Agaricus meleagris
p,f,f,n,t,f,f,c,b,h,t,b,k,k,p,p,p,w,o,l,h,y,p,Agaricus meleagris
p,f,y,n,t,f,f,c,b,h,t,b,k,k,p,b,p,w,o,l,h,v,p,Agaricus meleagris
p,f,f,n,t,f,f,c,b,h,t,b,k,k,n,p,p,w,o,l,h,v,g,Agaricus meleagris
p,x,y,n,t,f,f,c,b,p,t,b,k,k,n,p,p,w,o,l,h,y,g,Agaricus meleagris
p,f,y,n,t,f,f,c,b,h,t,b,k,k,b,p,p,w,o,l,h,v,p,Agaricus meleagris
p,f,y,g,t,f,f,c,b,p,t,b,k,k,n,p,p,w,o,l,h,s,p,Agaricus meleagris
p,f,y,n,t,f,f,c,b,h,t,b,k,k,p,n,p,w,o,l,h,v,d,Agaricus meleagris
p,x,y,g,t,f,f,c,b,h,t,b,k,k,n,p,p,w,o,l,h,y,p,Agaricus meleagris
p,x,f,n,t,f,f,c,b,h,t,b,k,k,n,n,p,w,o,l,h,v,g,Agaricus meleagris
p,f,f,g,t,f,f,c,b,h,t,b,k,k,b,p,p,w,o,l,h,y,p,Agaricus meleagris
p,x,y,g,t,f,f,c,b,g,t,b,k,k,b,b,p,w,o,l,h,y,g,Agaricus meleagris
p,x,f,g,t,f,f,c,b,g,t,b,k,k,n,b,p,w,o,l,h,v,d,Agaricus meleagris
p,f,f,g,t,f,f,c,b,p,t,b,k,k,p,b,p,w,o,l,h,s,p,Agaricus meleagris
p,f,f,n,t,f,f,c,b,p,t,b,k,k,b,b,p,w,o,l,h,v,d,Agaricus meleagris
p,x,f,g,t,f,f,c,b,p,t,b,k,k,p,b,p,w,o,l,h,s,p,Agaricus meleagris
p,f,y,n,t,f,f,c,b,p,t,b,k,k,n,b,p,w,o,l,h,s,p,Agaricus meleagris
p,f,f,g,t,f,f,c,b,g,t,b,k,k,b,n,p,w,o,l,h,y,d,Agaricus meleagris
p,x,s,w,f,n,f,c,n,w,e,,s,k,w,w,p,w,o,p,w,s,w,Lepiota rubrotincta
p,f,s,p,f,n,f,c,n,w,e,,k,s,w,w,p,w,o,p,w,s,w,Lepiota rubrotincta
p,x,y,w,f,n,f,c,n,w,e,,s,s,w,w,p,w,o,p,w,s,l,Lepiota rubrotincta
p,k,y,p,f,n,f,c,n,w,e,,k,s,w,w,p,w,o,p,w,s,w,Lepiota rubrotincta
p,x,s,p,f,n,f,c,n,w,e,,k,s,w,w,p,w,o,p,w,y,w,Lepiota rubrotincta
p,f,s,p,f,n,f,c,n,w,e,,k,s,w,w,p,w,o,p,w,s,d,Lepiota rubrotincta
p,k,y,p,f,n,f,c,n,w,e,,s,s,w,w,p,w,o,p,w,c,d,Lepiota rubrotincta
p,f,s,p,f,n,f,c,n,w,e,,s,s,w,w,p,w,o,p,w,c,l,Lepiota rubrotincta
p,k,y,p,f,n,f,c,n,w,e,,k,s,w,w,p,w,o,p,w,c,w,Lepiota rubrotincta
p,x,y,w,f,n,f,c,n,w,e,,s,s,w,w,p,w,o,p,w,s,w,Lepiota rubrotincta
p,x,y,w,f,n,f,c,n,w,e,,k,k,w,w,p,w,o,p,w,y,l,Lepiota rubrotincta
p,k,y,p,f,n,f,c,n,w,e,,k,s,w,w,p,w,o,p,w,y,w,Lepiota rubrotincta
p,f,y,w,f,n,f,c,n,w,e,,s,s,w,w,p,w,o,p,w,y,l,Lepiota rubrotincta
p,k,s,w,f,n,f,c,n,w,e,,s,s,w,w,p,w,o,p,w,y,d,Lepiota rubrotincta
p,f,s,p,f,n,f,c,n,w,e,,s,s,w,w,p,w,o,p,w,s,l,Lepiota rubrotincta
p,f,y,p,f,n,f,c,n,w,e,,s,k,w,w,p,w,o,p,w,y,w,Lepiota rubrotincta
p,f,y,w,f,n,f,c,n,w,e,,k,s,w,w,p,w,o,p,w,s,d,Lepiota rubrotincta
p,f,s,w,f,n,f,c,n,w,e,,k,s,w,w,p,w,o,p,w,s,l,Lepiota rubrotincta
p,k,y,w,f,n,f,c,n,w,e,,k,s,w,w,p,w,o,p,w,y,l,Lepiota rubrotincta
p,k,y,p,f,n,f,c,n,w,e,,k,k,w,w,p,w,o,p,w,s,l,Lepiota rubrotincta
p,k,s,w,f,n,f,c,n,w,e,,k,k,w,w,p,w,o,p,w,y,l,Lepiota rubrotincta
p,x,y,p,f,n,f,c,n,w,e,,k,s,w,w,p,w,o,p,w,y,d,Lepiota rubrotincta
p,x,y,p,f,n,f,c,n,w,e,,k,k,w,w,p,w,o,p,w,y,d,Lepiota rubrotincta
p,x,y,p,f,n,f,c,n,w,e,,k,s,w,w,p,w,o,p,w,y,l,Lepiota rubrotincta
p,x,y,w,f,n,f,c,n,w,e,,s,s,w,w,p,w,o,p,w,c,d,Lepiota rubrotincta
p,x,f,c,f,n,f,w,n,w,e,,f,s,n,n,p,w,o,e,w,y,l,Lepiota acutesquamosa
p,k,f,c,f,n,f,w,n,w,e,,s,s,n,n,p,w,o,e,w,y,l,Lepiota acutesquamosa
p,k,y,c,f,n,f,w,n,w,e,,s,f,n,n,p,w,o,e,w,s,l,Lepiota acutesquamosa
p,x,y,n,f,n,f,w,n,w,e,,s,f,n,n,p,w,o,e,w,s,l,Lepiota acutesquamosa
p,k,f,c,f,n,f,w,n,w,e,,f,f,n,n,p,w,o,e,w,s,l,Lepiota acutesquamosa
p,f,f,n,f,n,f,w,n,w,e,,f,s,n,n,p,w,o,e,w,s,l,Lepiota acutesquamosa
p,x,y,c,f,n,f,w,n,w,e,,s,f,n,n,p,w,o,e,w,s,l,Lepiota acutesquamosa
p,f,f,c,f,n,f,w,n,w,e,,f,s,n,n,p,w,o,e,w,y,l,Lepiota acutesquamosa
p,x,f,c,f,n,f,w,n,w,e,,s,f,n,n,p,w,o,e,w,y,l,Lepiota acutesquamosa
p,x,y,n,f,n,f,w,n,w,e,,f,f,n,n,p,w,o,e,w,y,l,Lepiota acutesquamosa
p,k,f,n,f,n,f,w,n,w,e,,f,f,n,n,p,w,o,e,w,y,l,Lepiota acutesquamosa
p,x,y,n,f,n,f,w,n,w,e,,s,f,n,n,p,w,o,e,w,y,l,Lepiota acutesquamosa
p,x,f,n,f,n,f,w,n,w,e,,f,s,n,n,p,w,o,e,w,y,l,Lepiota acutesquamosa
p,f,f,c,f,n,f,w,n,w,e,,s,s,n,n,p,w,o,e,w,y,l,Lepiota acutesquamosa
p,f,y,n,f,n,f,w,n,w,e,,f,s,n,n,p,w,o,e,w,y,l,Lepiota acutesquamosa
p,x,f,n,f,n,f,w,n,w,e,,f,s,n,n,p,w,o,e,w,s,l,Lepiota acutesquamosa
p,k,y,n,f,n,f,w,n,w,e,,s,f,n,n,p,w,o,e,w,y,l,Lepiota acutesquamosa
p,f,f,c,f,n,f,w,n,w,e,,s,f,n,n,p,w,o,e,w,s,l,Lepiota acutesquamosa
p,k,y,c,f,n,f,w,n,w,e,,f,f,n,n,p,w,o,e,w,y,l,Lepiota acutesquamosa
p,k,f,n,f,n,f,w,n,w,e,,s,s,n,n,p,w,o,e,w,y,l,Lepiota acutesquamosa
p,x,f,n,f,n,f,w,n,w,e,,f,s,n,n,p,w,o,e,w,y,l,Lepiota acutesquamosa
p,f,y,n,f,n,f,w,n,w,e,,f,s,n,n,p,w,o,e,w,y,l,Lepiota acutesquamosa
p,x,f,n,f,n,f,w,n,w,e,,s,f,n,n,p,w,o,e,w,y,l,Lepiota acutesquamosa
p,x,y,n,f,n,f,w,n,w,e,,s,f,n,n,p,w,o,e,w,s,l,Lepiota acutesquamosa
p,x,y,c,f,n,f,w,n,w,e,,f,f,n,n,p,w,o,e,w,s,l,Lepiota acutesquamosa
e,f,,y,t,a,f,c,b,n,e,,k,y,w,w,p,w,o,p,n,y,p,Agaricus augustus
e,f,,y,t,l,f,c,b,p,e,,k,y,w,w,p,w,o,p,n,s,g,Agaricus augustus
e,f,,n,t,a,f,c,b,w,e,,k,y,w,w,p,w,o,p,n,y,p,Agaricus augustus
e,x,,y,t,a,f,c,b,n,e,,k,y,w,w,p,w,o,p,n,y,g,Agaricus augustus
e,x,,y,t,l,f,c,b,w,e,,k,y,w,w,p,w,o,p,n,s,g,Agaricus augustus
e,x,,y,t,a,f,c,b,n,e,,k,y,w,w,p,w,o,p,n,y,p,Agaricus augustus
e,x,,y,t,a,f,c,b,n,e,,k,y,w,w,p,w,o,p,n,y,g,Agaricus augustus
e,x,,n,t,a,f,c,b,p,e,,k,y,w,w,p,w,o,p,n,s,p,Agaricus augustus
e,f,,y,t,l,f,c,b,p,e,,k,y,w,w,p,w,o,p,n,s,p,Agaricus augustus
e,f,,n,t,a,f,c,b,n,e,,k,y,w,w,p,w,o,p,n,s,p,Agaricus augustus
e,x,,n,t,a,f,c,b,w,e,,k,y,w,w,p,w,o,p,n,s,p,Agaricus augustus
e,x,,y,t,l,f,c,b,w,e,,k,y,w,w,p,w,o,p,n,s,g,Agaricus augustus
e,x,,n,t,l,f,c,b,p,e,,k,y,w,w,p,w,o,p,n,y,p,Agaricus augustus
e,f,,n,t,a,f,c,b,p,e,,k,y,w,w,p,w,o,p,n,s,p,Agaricus augustus
e,x,,y,t,l,f,c,b,w,e,,k,y,w,w,p,w,o,p,n,s,g,Agaricus augustus
e,f,,y,t,l,f,c,b,n,e,,k,y,w,w,p,w,o,p,n,y,g,Agaricus augustus
e,x,,n,t,l,f,c,b,p,e,,k,y,w,w,p,w,o,p,n,s,p,Agaricus augustus
e,f,,n,t,l,f,c,b,p,e,,k,y,w,w,p,w,o,p,n,s,g,Agaricus augustus
e,x,,n,t,l,f,c,b,p,e,,k,y,w,w,p,w,o,p,n,y,p,Agaricus augustus
e,x,,y,t,l,f,c,b,w,e,,k,y,w,w,p,w,o,p,n,s,g,Agaricus augustus
e,f,,n,t,l,f,c,b,n,e,,k,y,w,w,p,w,o,p,n,y,p,Agaricus augustus
e,f,,n,t,a,f,c,b,p,e,,k,y,w,w,p,w,o,p,n,s,g,Agaricus augustus
e,f,,y,t,l,f,c,b,w,e,,k,y,w,w,p,w,o,p,n,s,p,Agaricus augustus
e,f,,n,t,l,f,c,b,n,e,,k,y,w,w,p,w,o,p,n,y,p,Agaricus augustus
e,x,,n,t,l,f,c,b,n,e,,k,y,w,w,p,w,o,p,n,s,p,Agaricus augustus
e,x,s,b,t,n,f,c,b,e,e,,s,s,w,w,p,w,o,e,w,c,w,Lepiota americana
e,f,s,p,t,n,f,c,b,e,e,,s,s,w,w,p,w,o,e,w,y,w,Lepiota americana
e,k,s,c,t,n,f,c,b,e,e,,s,s,w,w,p,w,o,e,w,c,w,Lepiota americana
e,f,s,n,t,n,f,c,b,e,e,,s,s,w,w,p,w,o,e,w,y,w,Lepiota americana
e,k,y,p,t,n,f,c,b,w,e,,s,s,w,w,p,w,o,e,w,y,w,Lepiota americana
e,f,s,n,t,n,f,c,b,e,e,,s,s,w,w,p,w,o,e,w,c,w,Lepiota americana
e,f,s,n,t,n,f,c,b,e,e,,s,s,w,w,p,w,o,e,w,c,w,Lepiota americana
e,f,y,b,t,n,f,c,b,w,e,,s,s,w,w,p,w,o,e,w,y,w,Lepiota americana
e,k,s,c,t,n,f,c,b,w,e,,s,s,w,w,p,w,o,e,w,c,w,Lepiota americana
e,k,y,p,t,n,f,c,b,e,e,,s,s,w,w,p,w,o,e,w,y,w,Lepiota americana
e,f,y,c,t,n,f,c,b,w,e,,s,s,w,w,p,w,o,e,w,c,w,Lepiota americana
e,f,s,c,t,n,f,c,b,e,e,,s,s,w,w,p,w,o,e,w,y,w,Lepiota americana
e,f,s,b,t,n,f,c,b,e,e,,s,s,w,w,p,w,o,e,w,c,w,Lepiota americana
e,x,y,n,t,n,f,c,b,w,e,,s,s,w,w,p,w,o,e,w,y,w,Lepiota americana
e,k,y,p,t,n,f,c,b,w,e,,s,s,w,w,p,w,o,e,w,c,w,Lepiota americana
e,x,s,c,t,n,f,c,b,w,e,,s,s,w,w,p,w,o,e,w,c,w,Lepiota americana
e,x,s,n,t,n,f,c,b,w,e,,s,s,w,w,p,w,o,e,w,c,w,Lepiota americana
e,x,s,n,t,n,f,c,b,e,e,,s,s,w,w,p,w,o,e,w,y,w,Lepiota americana
e,f,s,b,t,n,f,c,b,e,e,,s,s,w,w,p,w,o,e,w,y,w,Lepiota americana
e,x,s,p,t,n,f,c,b,e,e,,s,s,w,w,p,w,o,e,w,c,w,Lepiota americana
e,x,y,b,t,n,f,c,b,w,e,,s,s,w,w,p,w,o,e,w,c,w,Lepiota americana
e,f,y,e,t,n,f,c,b,w,e,,s,s,w,w,p,w,o,e,w,y,w,Lepiota americana
e,x,y,e,t,n,f,c,b,w,e,,s,s,w,w,p,w,o,e,w,y,w,Lepiota americana
e,x,y,c,t,n,f,c,b,e,e,,s,s,w,w,p,w,o,e,w,c,w,Lepiota americana
e,x,s,c,t,n,f,c,b,w,e,,s,s,w,w,p,w,o,e,w,y,w,Lepiota americana
e,f,f,c,t,n,f,c,b,w,e,,s,s,w,w,p,w,o,z,w,y,p,Lepiota rachodes
e,f,f,c,t,n,f,c,b,w,e,,s,s,w,w,p,w,o,z,w,c,p,Lepiota rachodes
e,f,s,p,t,n,f,c,b,w,e,,s,s,w,w,p,w,o,z,w,s,p,Lepiota rachodes
e,x,f,g,t,n,f,c,b,w,e,,s,s,w,w,p,w,o,z,w,s,p,Lepiota rachodes
e,f,s,c,t,n,f,c,b,w,e,,s,s,w,w,p,w,o,z,w,c,p,Lepiota rachodes
e,f,f,n,t,n,f,c,b,w,e,,s,s,w,w,p,w,o,z,w,s,p,Lepiota rachodes
e,x,s,c,t,n,f,c,b,w,e,,s,s,w,w,p,w,o,z,w,y,p,Lepiota rachodes
e,f,s,g,t,n,f,c,b,w,e,,s,s,w,w,p,w,o,z,w,s,p,Lepiota rachodes
e,x,s,p,t,n,f,c,b,w,e,,s,s,w,w,p,w,o,z,w,y,p,Lepiota rachodes
e,x,s,g,t,n,f,c,b,w,e,,s,s,w,w,p,w,o,z,w,s,p,Lepiota rachodes
e,f,f,c,t,n,f,c,b,w,e,,s,s,w,w,p,w,o,z,w,y,p,Lepiota rachodes
e,f,f,c,t,n,f,c,b,w,e,,s,s,w,w,p,w,o,z,w,c,p,Lepiota rachodes
e,x,s,c,t,n,f,c,b,w,e,,s,s,w,w,p,w,o,z,w,y,p,Lepiota rachodes
e,x,f,c,t,n,f,c,b,w,e,,s,s,w,w,p,w,o,z,w,y,p,Lepiota rachodes
e,f,s,g,t,n,f,c,b,w,e,,s,s,w,w,p,w,o,z,w,c,p,Lepiota rachodes
e,x,f,n,t,n,f,c,b,w,e,,s,s,w,w,p,w,o,z,w,c,p,Lepiota rachodes
e,x,f,p,t,n,f,c,b,w,e,,s,s,w,w,p,w,o,z,w,y,p,Lepiota rachodes
e,x,s,c,t,n,f,c,b,w,e,,s,s,w,w,p,w,o,z,w,y,p,Lepiota rachodes
e,f,f,p,t,n,f,c,b,w,e,,s,s,w,w,p,w,o,z,w,y,p,Lepiota rachodes
e,f,f,g,t,n,f,c,b,w,e,,s,s,w,w,p,w,o,z,w,c,p,Lepiota rachodes
e,x,s,p,t,n,f,c,b,w,e,,s,s,w,w,p,w,o,z,w,s,p,Lepiota rachodes
e,f,f,g,t,n,f,c,b,w,e,,s,s,w,w,p,w,o,z,w,y,p,Lepiota rachodes
e,f,s,c,t,n,f,c,b,w,e,,s,s,w,w,p,w,o,z,w,s,p,Lepiota rachodes
e,f,f,c,t,n,f,c,b,w,e,,s,s,w,w,p,w,o,z,w,s,p,Lepiota rachodes
e,x,f,c,t,n,f,c,b,w,e,,s,s,w,w,p,w,o,z,w,c,p,Lepiota rachodes
p,x,s,w,,f,f,c,n,p,e,b,s,s,w,w,p,w,o,p,n,v,d,Agaricus hondensis
p,x,f,p,,f,f,w,n,u,e,b,s,s,w,w,p,w,o,p,n,v,d,Agaricus hondensis
p,x,s,g,,f,f,w,n,p,e,b,s,s,w,w,p,w,o,p,n,v,d,Agaricus hondensis
p,x,f,g,,f,f,w,n,n,e,b,s,s,w,w,p,w,o,f,n,s,d,Agaricus hondensis
p,x,f,g,,c,f,c,n,p,e,b,s,s,w,w,p,w,o,f,n,v,d,Agaricus hondensis
p,x,f,w,,f,f,w,n,u,e,b,s,s,w,w,p,w,o,f,n,s,d,Agaricus hondensis
p,x,f,g,,f,f,c,n,u,e,b,s,s,w,w,p,w,o,f,n,s,d,Agaricus hondensis
p,x,s,w,,c,f,w,n,g,e,b,s,s,w,w,p,w,o,f,n,s,d,Agaricus hondensis
p,x,f,g,,c,f,w,n,u,e,b,s,s,w,w,p,w,o,p,n,s,d,Agaricus hondensis
p,x,f,w,,f,f,w,n,p,e,b,s,s,w,w,p,w,o,f,n,s,d,Agaricus hondensis
p,x,f,w,,c,f,c,n,u,e,b,s,s,w,w,p,w,o,p,n,v,d,Agaricus hondensis
p,x,f,w,,c,f,c,n,n,e,b,s,s,w,w,p,w,o,p,n,s,d,Agaricus hondensis
p,x,s,w,,c,f,c,n,g,e,b,s,s,w,w,p,w,o,p,n,v,d,Agaricus hondensis
p,x,f,p,,c,f,c,n,p,e,b,s,s,w,w,p,w,o,f,n,s,d,Agaricus hondensis
p,x,s,p,,f,f,c,n,g,e,b,s,s,w,w,p,w,o,f,n,s,d,Agaricus hondensis
p,x,f,w,,f,f,c,n,g,e,b,s,s,w,w,p,w,o,f,n,v,d,Agaricus hondensis
p,x,s,p,,c,f,c,n,n,e,b,s,s,w,w,p,w,o,f,n,s,d,Agaricus hondensis
p,x,f,p,,c,f,c,n,p,e,b,s,s,w,w,p,w,o,f,n,s,d,Agaricus hondensis
p,x,f,p,,c,f,c,n,u,e,b,s,s,w,w,p,w,o,p,n,v,d,Agaricus hondensis
p,x,s,p,,c,f,c,n,n,e,b,s,s,w,w,p,w,o,p,n,s,d,Agaricus hondensis
p,x,s,p,,f,f,w,n,n,e,b,s,s,w,w,p,w,o,f,n,s,d,Agaricus hondensis
p,x,s,p,,f,f,c,n,u,e,b,s,s,w,w,p,w,o,f,n,v,d,Agaricus hondensis
p,x,f,g,,c,f,c,n,n,e,b,s,s,w,w,p,w,o,p,n,v,d,Agaricus hondensis
p,x,f,g,,f,f,c,n,u,e,b,s,s,w,w,p,w,o,f,n,v,d,Agaricus hondensis
p,x,s,w,,c,f,w,n,p,e,b,s,s,w,w,p,w,o,p,n,s,d,Agaricus hondensis
p,x,f,w,f,n,f,c,n,w,e,,s,s,w,w,p,w,o,e,w,,d,Lepiota artodisca
p,k,f,w,f,n,f,c,n,w,e,,s,s,w,w,p,w,o,e,w,,d,Lepiota artodisca
p,x,f,w,f,n,f,c,n,w,e,,s,s,w,w,p,w,o,e,w,,p,Lepiota artodisca
p,x,f,w,f,n,f,c,n,w,e,,s,s,w,w,p,w,o,e,w,,p,Lepiota artodisca
p,x,f,w,f,n,f,c,n,w,e,,s,s,w,w,p,w,o,e,w,,p,Lepiota artodisca
p,x,f,w,f,n,f,c,n,w,e,,s,s,w,w,p,w,o,e,w,,d,Lepiota artodisca
p,k,f,w,f,n,f,c,n,w,e,,s,s,w,w,p,w,o,e,w,,d,Lepiota artodisca
p,f,f,w,f,n,f,c,n,w,e,,s,s,w,w,p,w,o,e,w,,p,Lepiota artodisca
p,k,f,w,f,n,f,c,n,w,e,,s,s,w,w,p,w,o,e,w,,d,Lepiota artodisca
p,x,f,w,f,n,f,c,n,w,e,,s,s,w,w,p,w,o,e,w,,p,Lepiota artodisca
p,x,f,w,f,n,f,c,n,w,e,,s,s,w,w,p,w,o,e,w,,p,Lepiota artodisca
p,x,f,w,f,n,f,c,n,w,e,,s,s,w,w,p,w,o,e,w,,d,Lepiota artodisca
p,k,f,w,f,n,f,c,n,w,e,,s,s,w,w,p,w,o,e,w,,d,Lepiota artodisca
p,x,f,w,f,n,f,c,n,w,e,,s,s,w,w,p,w,o,e,w,,d,Lepiota artodisca
p,x,f,w,f,n,f,c,n,w,e,,s,s,w,w,p,w,o,e,w,,d,Lepiota artodisca
p,k,f,w,f,n,f,c,n,w,e,,s,s,w,w,p,w,o,e,w,,p,Lepiota artodisca
p,k,f,w,f,n,f,c,n,w,e,,s,s,w,w,p,w,o,e,w,,d,Lepiota artodisca
p,f,f,w,f,n,f,c,n,w,e,,s,s,w,w,p,w,o,e,w,,p,Lepiota artodisca
p,x,f,w,f,n,f,c,n,w,e,,s,s,w,w,p,w,o,e,w,,p,Lepiota artodisca
p,f,f,w,f,n,f,c,n,w,e,,s,s,w,w,p,w,o,e,w,,p,Lepiota artodisca
p,f,f,w,f,n,f,c,n,w,e,,s,s,w,w,p,w,o,e,w,,p,Lepiota artodisca
p,x,f,w,f,n,f,c,n,w,e,,s,s,w,w,p,w,o,e,w,,p,Lepiota artodisca
p,x,f,w,f,n,f,c,n,w,e,,s,s,w,w,p,w,o,e,w,,d,Lepiota artodisca
p,k,f,w,f,n,f,c,n,w,e,,s,s,w,w,p,w,o,e,w,,p,Lepiota artodisca
p,k,f,w,f,n,f,c,n,w,e,,s,s,w,w,p,w,o,e,w,,d,Lepiota artodisca
e,f,f,n,,,f,c,n,p,e,,s,s,w,w,p,w,o,p,n,v,u,Agaricus bitorquis
e,f,f,n,,,f,c,n,n,e,,s,s,w,w,p,w,o,p,k,y,u,Agaricus bitorquis
e,f,f,n,,,f,c,n,g,e,,s,s,w,w,p,w,o,p,k,y,u,Agaricus bitorquis
e,f,f,g,,,f,c,n,n,e,,s,s,w,w,p,w,o,p,k,y,u,Agaricus bitorquis
e,f,f,g,,,f,c,n,g,e,,s,s,w,w,p,w,o,p,n,v,u,Agaricus bitorquis
e,x,f,g,,,f,c,n,p,e,,s,s,w,w,p,w,o,f,n,v,u,Agaricus bitorquis
e,s,f,g,,,f,c,n,p,e,,s,s,w,w,p,w,o,p,k,v,u,Agaricus bitorquis
e,x,f,n,,,f,c,n,n,e,,s,s,w,w,p,w,o,f,n,y,u,Agaricus bitorquis
e,x,f,n,,,f,c,n,g,e,,s,s,w,w,p,w,o,p,k,y,u,Agaricus bitorquis
e,f,f,g,,,f,c,n,p,e,,s,s,w,w,p,w,o,p,n,v,u,Agaricus bitorquis
e,x,f,n,,,f,c,n,g,e,,s,s,w,w,p,w,o,p,k,y,u,Agaricus bitorquis
e,s,f,g,,,f,c,n,p,e,,s,s,w,w,p,w,o,p,k,y,u,Agaricus bitorquis
e,s,f,g,,,f,c,n,p,e,,s,s,w,w,p,w,o,p,k,y,u,Agaricus bitorquis
e,f,f,n,,,f,c,n,p,e,,s,s,w,w,p,w,o,p,k,y,u,Agaricus bitorquis
e,s,f,n,,,f,c,n,g,e,,s,s,w,w,p,w,o,f,n,v,u,Agaricus bitorquis
e,s,f,n,,,f,c,n,g,e,,s,s,w,w,p,w,o,p,n,y,u,Agaricus bitorquis
e,f,f,g,,,f,c,n,g,e,,s,s,w,w,p,w,o,f,n,v,u,Agaricus bitorquis
e,f,f,g,,,f,c,n,p,e,,s,s,w,w,p,w,o,f,n,v,u,Agaricus bitorquis
e,s,f,g,,,f,c,n,n,e,,s,s,w,w,p,w,o,f,k,v,u,Agaricus bitorquis
e,x,f,g,,,f,c,n,g,e,,s,s,w,w,p,w,o,p,k,y,u,Agaricus bitorquis
e,x,f,g,,,f,c,n,n,e,,s,s,w,w,p,w,o,p,n,v,u,Agaricus bitorquis
e,x,f,n,,,f,c,n,n,e,,s,s,w,w,p,w,o,f,n,y,u,Agaricus bitorquis
e,x,f,n,,,f,c,n,p,e,,s,s,w,w,p,w,o,p,k,y,u,Agaricus bitorquis
e,s,f,g,,,f,c,n,p,e,,s,s,w,w,p,w,o,p,n,y,u,Agaricus bitorquis
e,f,f,g,,,f,c,n,n,e,,s,s,w,w,p,w,o,p,n,y,u,Agaricus bitorquis
e,x,y,w,t,l,f,c,b,g,e,,s,s,w,w,p,w,o,f,k,s,g,Agaricus arvensis
e,x,y,w,t,l,f,c,b,n,e,,s,s,w,w,p,w,o,p,k,s,m,Agaricus arvensis
e,x,y,w,t,a,f,c,b,n,e,,s,s,w,w,p,w,o,p,k,s,g,Agaricus arvensis
e,x,s,w,t,a,f,c,b,w,e,,s,s,w,w,p,w,o,f,n,n,w,Agaricus arvensis
e,x,s,w,t,a,f,c,b,w,e,,s,s,w,w,p,w,o,p,n,s,g,Agaricus arvensis
e,x,s,w,t,a,f,c,b,k,e,,s,s,w,w,p,w,o,f,k,s,m,Agaricus arvensis
e,x,s,w,t,l,f,c,b,w,e,,s,s,w,w,p,w,o,f,n,s,m,Agaricus arvensis
e,x,s,w,t,a,f,c,b,w,e,,s,s,w,w,p,w,o,f,n,n,m,Agaricus arvensis
e,x,s,w,t,l,f,c,b,n,e,,s,s,w,w,p,w,o,f,k,n,g,Agaricus arvensis
e,x,s,w,t,a,f,c,b,w,e,,s,s,w,w,p,w,o,p,k,n,w,Agaricus arvensis
e,x,s,w,t,l,f,c,b,w,e,,s,s,w,w,p,w,o,p,n,n,w,Agaricus arvensis
e,x,y,w,t,l,f,c,b,w,e,,s,s,w,w,p,w,o,p,n,s,w,Agaricus arvensis
e,x,s,w,t,l,f,c,b,n,e,,s,s,w,w,p,w,o,p,k,n,g,Agaricus arvensis
e,x,s,w,t,a,f,c,b,w,e,,s,s,w,w,p,w,o,p,n,s,g,Agaricus arvensis
e,x,s,w,t,a,f,c,b,k,e,,s,s,w,w,p,w,o,f,n,n,g,Agaricus arvensis
e,x,s,w,t,a,f,c,b,w,e,,s,s,w,w,p,w,o,f,n,s,m,Agaricus arvensis
e,x,s,w,t,l,f,c,b,w,e,,s,s,w,w,p,w,o,f,n,s,w,Agaricus arvensis
e,x,s,w,t,a,f,c,b,g,e,,s,s,w,w,p,w,o,f,n,n,m,Agaricus arvensis
e,x,y,w,t,a,f,c,b,g,e,,s,s,w,w,p,w,o,p,k,n,m,Agaricus arvensis
e,x,s,w,t,l,f,c,b,w,e,,s,s,w,w,p,w,o,f,n,s,g,Agaricus arvensis
e,x,s,w,t,a,f,c,b,w,e,,s,s,w,w,p,w,o,p,n,s,g,Agaricus arvensis
e,x,y,w,t,l,f,c,b,n,e,,s,s,w,w,p,w,o,f,n,n,w,Agaricus arvensis
e,x,y,w,t,a,f,c,b,n,e,,s,s,w,w,p,w,o,f,n,n,m,Agaricus arvensis
e,x,y,w,t,l,f,c,b,g,e,,s,s,w,w,p,w,o,p,n,n,g,Agaricus arvensis
e,x,y,w,t,a,f,c,b,n,e,,s,s,w,w,p,w,o,f,k,s,g,Agaricus arvensis
p,x,y,n,,p,f,c,n,n,e,,s,s,w,w,p,w,o,p,n,v,u,Agaricus californicus
p,x,y,n,,p,f,c,n,p,e,,s,s,w,w,p,w,o,p,n,s,u,Agaricus californicus
p,x,y,n,,p,f,c,n,p,e,,s,s,w,w,p,w,o,p,n,v,g,Agaricus californicus
p,x,y,w,,p,f,c,n,w,e,,s,s,w,w,p,w,o,p,n,s,g,Agaricus californicus
p,x,s,n,,p,f,c,n,n,e,,s,s,w,w,p,w,o,p,n,s,g,Agaricus californicus
p,x,s,n,,p,f,c,n,n,e,,s,s,w,w,p,w,o,p,n,v,g,Agaricus californicus
p,f,s,n,,p,f,c,n,n,e,,s,s,w,w,p,w,o,p,n,s,g,Agaricus californicus
p,x,s,w,,p,f,c,n,p,e,,s,s,w,w,p,w,o,p,n,s,g,Agaricus californicus
p,x,y,w,,p,f,c,n,w,e,,s,s,w,w,p,w,o,p,n,s,g,Agaricus californicus
p,x,y,n,,p,f,c,n,n,e,,s,s,w,w,p,w,o,p,n,v,g,Agaricus californicus
p,x,s,w,,p,f,c,n,n,e,,s,s,w,w,p,w,o,p,n,s,g,Agaricus californicus
p,x,y,w,,p,f,c,n,w,e,,s,s,w,w,p,w,o,p,n,v,g,Agaricus californicus
p,f,s,w,,p,f,c,n,n,e,,s,s,w,w,p,w,o,p,n,s,g,Agaricus californicus
p,f,y,n,,p,f,c,n,w,e,,s,s,w,w,p,w,o,p,n,v,g,Agaricus californicus
p,x,y,w,,p,f,c,n,w,e,,s,s,w,w,p,w,o,p,n,s,g,Agaricus californicus
p,x,s,n,,p,f,c,n,n,e,,s,s,w,w,p,w,o,p,n,s,g,Agaricus californicus
p,f,y,w,,p,f,c,n,w,e,,s,s,w,w,p,w,o,p,n,v,u,Agaricus californicus
p,f,s,w,,p,f,c,n,n,e,,s,s,w,w,p,w,o,p,n,s,g,Agaricus californicus
p,f,s,n,,p,f,c,n,n,e,,s,s,w,w,p,w,o,p,n,s,u,Agaricus californicus
p,f,s,w,,p,f,c,n,w,e,,s,s,w,w,p,w,o,p,n,s,g,Agaricus californicus
p,x,y,w,,p,f,c,n,n,e,,s,s,w,w,p,w,o,p,n,v,g,Agaricus californicus
p,x,s,w,,p,f,c,n,w,e,,s,s,w,w,p,w,o,p,n,v,u,Agaricus californicus
p,x,y,n,,p,f,c,n,w,e,,s,s,w,w,p,w,o,p,n,s,u,Agaricus californicus
p,f,y,w,,p,f,c,n,w,e,,s,s,w,w,p,w,o,p,n,s,u,Agaricus californicus
p,x,s,w,,p,f,c,n,w,e,,s,s,w,w,p,w,o,p,n,v,g,Agaricus californicus
p,b,f,n,f,n,f,c,n,w,e,,k,y,w,y,p,w,o,e,w,s,d,Lepiota clypeolaria
p,x,f,y,f,n,f,c,n,w,e,,k,y,w,y,p,w,o,e,w,s,d,Lepiota clypeolaria
p,x,f,n,f,n,f,c,n,w,e,,k,y,w,n,p,w,o,e,w,s,d,Lepiota clypeolaria
p,x,f,y,f,n,f,c,n,w,e,,k,y,w,y,p,w,o,e,w,s,d,Lepiota clypeolaria
p,x,y,n,f,n,f,c,n,w,e,,k,y,w,y,p,w,o,e,w,s,d,Lepiota clypeolaria
p,f,f,y,f,n,f,c,n,w,e,,k,y,w,n,p,w,o,e,w,s,d,Lepiota clypeolaria
p,f,f,n,f,n,f,c,n,w,e,,k,y,w,y,p,w,o,e,w,s,d,Lepiota clypeolaria
p,x,y,y,f,n,f,c,n,w,e,,k,y,w,n,p,w,o,e,w,s,d,Lepiota clypeolaria
p,b,f,y,f,n,f,c,n,w,e,,k,y,w,n,p,w,o,e,w,s,d,Lepiota clypeolaria
p,b,f,y,f,n,f,c,n,w,e,,k,y,w,y,p,w,o,e,w,s,d,Lepiota clypeolaria
p,f,f,n,f,n,f,c,n,w,e,,k,y,w,y,p,w,o,e,w,s,d,Lepiota clypeolaria
p,x,y,n,f,n,f,c,n,w,e,,k,y,w,y,p,w,o,e,w,s,d,Lepiota clypeolaria
p,x,y,y,f,n,f,c,n,w,e,,k,y,w,y,p,w,o,e,w,s,d,Lepiota clypeolaria
p,b,y,y,f,n,f,c,n,w,e,,k,y,w,y,p,w,o,e,w,s,d,Lepiota clypeolaria
p,x,f,n,f,n,f,c,n,w,e,,k,y,w,n,p,w,o,e,w,s,d,Lepiota clypeolaria
p,f,f,y,f,n,f,c,n,w,e,,k,y,w,n,p,w,o,e,w,s,d,Lepiota clypeolaria
p,f,y,y,f,n,f,c,n,w,e,,k,y,w,y,p,w,o,e,w,s,d,Lepiota clypeolaria
p,x,f,y,f,n,f,c,n,w,e,,k,y,w,y,p,w,o,e,w,s,d,Lepiota clypeolaria
p,k,f,n,f,n,f,c,n,w,e,,k,y,w,y,p,w,o,e,w,s,d,Lepiota clypeolaria
p,b,y,y,f,n,f,c,n,w,e,,k,y,w,y,p,w,o,e,w,s,d,Lepiota clypeolaria
p,x,f,y,f,n,f,c,n,w,e,,k,y,w,y,p,w,o,e,w,s,d,Lepiota clypeolaria
p,x,y,y,f,n,f,c,n,w,e,,k,y,w,n,p,w,o,e,w,s,d,Lepiota clypeolaria
p,f,y,y,f,n,f,c,n,w,e,,k,y,w,y,p,w,o,e,w,s,d,Lepiota clypeolaria
p,f,y,n,f,n,f,c,n,w,e,,k,y,w,n,p,w,o,e,w,s,d,Lepiota clypeolaria
p,k,y,n,f,n,f,c,n,w,e,,k,y,w,n,p,w,o,e,w,s,d,Lepiota clypeolaria
p,k,g,y,f,n,f,w,n,y,e,,s,s,y,y,p,y,o,e,w,,l,Lepiota lutea
p,b,g,y,f,n,f,w,n,w,e,,s,s,y,y,p,y,o,e,w,,w,Lepiota lutea
p,k,y,y,f,n,f,w,n,w,e,,s,s,y,y,p,y,o,e,w,,w,Lepiota lutea
p,f,g,y,f,n,f,w,n,w,e,,s,s,y,y,p,y,o,e,w,,l,Lepiota lutea
p,b,y,y,f,n,f,w,n,y,e,,s,s,y,y,p,y,o,e,w,,l,Lepiota lutea
p,k,y,y,f,n,f,w,n,w,e,,s,s,y,y,p,y,o,e,w,,l,Lepiota lutea
p,k,y,y,f,n,f,w,n,w,e,,s,s,y,y,p,y,o,e,w,,l,Lepiota lutea
p,k,y,y,f,n,f,w,n,y,e,,s,s,y,y,p,y,o,e,w,,w,Lepiota lutea
p,k,y,y,f,n,f,w,n,w,e,,s,s,y,y,p,y,o,e,w,,w,Lepiota lutea
p,c,y,y,f,n,f,w,n,w,e,,s,s,y,y,p,y,o,e,w,,l,Lepiota lutea
p,k,g,y,f,n,f,w,n,w,e,,s,s,y,y,p,y,o,e,w,,l,Lepiota lutea
p,b,y,y,f,n,f,w,n,w,e,,s,s,y,y,p,y,o,e,w,,l,Lepiota lutea
p,c,y,y,f,n,f,w,n,y,e,,s,s,y,y,p,y,o,e,w,,w,Lepiota lutea
p,f,g,y,f,n,f,w,n,y,e,,s,s,y,y,p,y,o,e,w,,w,Lepiota lutea
p,k,g,y,f,n,f,w,n,y,e,,s,s,y,y,p,y,o,e,w,,w,Lepiota lutea
p,c,g,y,f,n,f,w,n,y,e,,s,s,y,y,p,y,o,e,w,,w,Lepiota lutea
p,b,g,y,f,n,f,w,n,y,e,,s,s,y,y,p,y,o,e,w,,l,Lepiota lutea
p,f,y,y,f,n,f,w,n,y,e,,s,s,y,y,p,y,o,e,w,,l,Lepiota lutea
p,b,y,y,f,n,f,w,n,w,e,,s,s,y,y,p,y,o,e,w,,l,Lepiota lutea
p,c,g,y,f,n,f,w,n,y,e,,s,s,y,y,p,y,o,e,w,,w,Lepiota lutea
p,c,g,y,f,n,f,w,n,y,e,,s,s,y,y,p,y,o,e,w,,l,Lepiota lutea
p,k,g,y,f,n,f,w,n,y,e,,s,s,y,y,p,y,o,e,w,,w,Lepiota lutea
p,b,g,y,f,n,f,w,n,y,e,,s,s,y,y,p,y,o,e,w,,l,Lepiota lutea
p,b,y,y,f,n,f,w,n,w,e,,s,s,y,y,p,y,o,e,w,,l,Lepiota lutea
p,b,g,y,f,n,f,w,n,y,e,,s,s,y,y,p,y,o,e,w,,l,Lepiota lutea
e,f,s,w,t,a,f,c,n,n,t,b,s,s,w,w,p,w,o,p,u,c,d,Agaricus abruptibulbus
e,f,f,w,t,l,f,c,n,w,t,b,s,s,w,w,p,w,o,p,u,c,d,Agaricus abruptibulbus
e,f,s,w,t,l,f,c,n,w,t,b,s,s,w,w,p,w,o,p,n,c,d,Agaricus abruptibulbus
e,x,f,w,t,l,f,c,n,p,t,b,s,s,w,w,p,w,o,p,n,c,d,Agaricus abruptibulbus
e,x,f,w,t,a,f,c,n,p,t,b,s,s,w,w,p,w,o,p,u,c,d,Agaricus abruptibulbus
e,x,f,w,t,a,f,c,n,n,t,b,s,s,w,w,p,w,o,p,u,c,d,Agaricus abruptibulbus
e,x,f,w,t,a,f,c,n,p,t,b,s,s,w,w,p,w,o,p,n,c,d,Agaricus abruptibulbus
e,f,s,w,t,l,f,c,n,p,t,b,s,s,w,w,p,w,o,p,n,c,d,Agaricus abruptibulbus
e,x,s,w,t,a,f,c,n,p,t,b,s,s,w,w,p,w,o,p,n,c,d,Agaricus abruptibulbus
e,x,f,w,t,l,f,c,n,n,t,b,s,s,w,w,p,w,o,p,n,c,d,Agaricus abruptibulbus
e,x,s,w,t,l,f,c,n,p,t,b,s,s,w,w,p,w,o,p,u,c,d,Agaricus abruptibulbus
e,f,f,w,t,l,f,c,n,w,t,b,s,s,w,w,p,w,o,p,n,c,d,Agaricus abruptibulbus
e,f,f,w,t,a,f,c,n,n,t,b,s,s,w,w,p,w,o,p,n,c,d,Agaricus abruptibulbus
e,f,s,w,t,a,f,c,n,w,t,b,s,s,w,w,p,w,o,p,u,c,d,Agaricus abruptibulbus
e,x,s,w,t,a,f,c,n,w,t,b,s,s,w,w,p,w,o,p,n,c,d,Agaricus abruptibulbus
e,x,s,w,t,a,f,c,n,n,t,b,s,s,w,w,p,w,o,p,u,c,d,Agaricus abruptibulbus
e,f,s,w,t,a,f,c,n,n,t,b,s,s,w,w,p,w,o,p,n,c,d,Agaricus abruptibulbus
e,x,f,w,t,l,f,c,n,p,t,b,s,s,w,w,p,w,o,p,u,c,d,Agaricus abruptibulbus
e,x,f,w,t,l,f,c,n,w,t,b,s,s,w,w,p,w,o,p,u,c,d,Agaricus abruptibulbus
e,f,f,w,t,l,f,c,n,p,t,b,s,s,w,w,p,w,o,p,n,c,d,Agaricus abruptibulbus
e,f,s,w,t,l,f,c,n,p,t,b,s,s,w,w,p,w,o,p,n,c,d,Agaricus abruptibulbus
e,x,s,w,t,l,f,c,n,p,t,b,s,s,w,w,p,w,o,p,u,c,d,Agaricus abruptibulbus
e,x,f,w,t,a,f,c,n,p,t,b,s,s,w,w,p,w,o,p,n,c,d,Agaricus abruptibulbus
e,f,f,w,t,a,f,c,n,p,t,b,s,s,w,w,p,w,o,p,u,c,d,Agaricus abruptibulbus
e,f,f,w,t,l,f,c,n,p,t,b,s,s,w,w,p,w,o,p,u,c,d,Agaricus abruptibulbus
e,k,y,w,f,n,f,c,b,w,e,,y,y,w,w,p,w,o,z,w,c,d,Lepiota procera
e,f,y,w,f,n,f,c,b,w,e,,y,y,w,w,p,w,o,z,w,s,d,Lepiota procera
e,f,y,w,f,n,f,c,b,w,e,,y,y,w,w,p,w,o,z,w,y,d,Lepiota procera
e,x,f,w,f,n,f,c,b,w,e,,y,y,w,w,p,w,o,z,w,c,d,Lepiota procera
e,k,f,w,f,n,f,c,b,w,e,,y,y,w,w,p,w,o,z,w,y,d,Lepiota procera
e,x,y,w,f,n,f,c,b,w,e,,y,y,w,w,p,w,o,z,w,s,d,Lepiota procera
e,k,f,w,f,n,f,c,b,w,e,,y,y,w,w,p,w,o,z,w,s,p,Lepiota procera
e,k,f,w,f,n,f,c,b,w,e,,y,y,w,w,p,w,o,z,w,y,p,Lepiota procera
e,f,f,w,f,n,f,c,b,w,e,,y,y,w,w,p,w,o,z,w,y,d,Lepiota procera
e,k,y,w,f,n,f,c,b,w,e,,y,y,w,w,p,w,o,z,w,c,d,Lepiota procera
e,k,y,w,f,n,f,c,b,w,e,,y,y,w,w,p,w,o,z,w,y,d,Lepiota procera
e,b,f,w,f,n,f,c,b,w,e,,y,y,w,w,p,w,o,z,w,y,d,Lepiota procera
e,k,y,w,f,n,f,c,b,w,e,,y,y,w,w,p,w,o,z,w,s,d,Lepiota procera
e,x,f,w,f,n,f,c,b,w,e,,y,y,w,w,p,w,o,z,w,c,d,Lepiota procera
e,x,f,w,f,n,f,c,b,w,e,,y,y,w,w,p,w,o,z,w,y,d,Lepiota procera
e,b,y,w,f,n,f,c,b,w,e,,y,y,w,w,p,w,o,z,w,s,d,Lepiota procera
e,x,f,w,f,n,f,c,b,w,e,,y,y,w,w,p,w,o,z,w,c,p,Lepiota procera
e,f,f,w,f,n,f,c,b,w,e,,y,y,w,w,p,w,o,z,w,c,p,Lepiota procera
e,f,f,w,f,n,f,c,b,w,e,,y,y,w,w,p,w,o,z,w,y,d,Lepiota procera
e,x,y,w,f,n,f,c,b,w,e,,y,y,w,w,p,w,o,z,w,c,p,Lepiota procera
e,f,f,w,f,n,f,c,b,w,e,,y,y,w,w,p,w,o,z,w,c,p,Lepiota procera
e,x,f,w,f,n,f,c,b,w,e,,y,y,w,w,p,w,o,z,w,s,p,Lepiota procera
e,b,f,w,f,n,f,c,b,w,e,,y,y,w,w,p,w,o,z,w,s,d,Lepiota procera
e,b,f,w,f,n,f,c,b,w,e,,y,y,w,w,p,w,o,z,w,s,d,Lepiota procera
e,f,f,w,f,n,f,c,b,w,e,,y,y,w,w,p,w,o,z,w,c,d,Lepiota procera
p,f,s,w,f,f,f,c,n,w,e,,k,k,p,p,p,w,o,e,w,s,d,Lepiota cristata
p,x,y,w,f,y,f,c,n,w,e,,k,k,w,w,p,w,o,e,w,s,l,Lepiota cristata
p,f,y,w,f,f,f,c,n,p,e,,s,s,w,p,p,w,o,e,w,s,g,Lepiota cristata
p,x,y,w,f,y,f,c,n,p,e,,s,s,w,p,p,w,o,e,w,s,p,Lepiota cristata
p,f,s,w,f,f,f,c,n,w,e,,k,s,w,w,p,w,o,e,w,s,l,Lepiota cristata
p,f,y,w,f,s,f,c,n,w,e,,k,s,p,w,p,w,o,e,w,s,p,Lepiota cristata
p,k,y,w,f,s,f,c,n,p,e,,s,s,p,p,p,w,o,e,w,s,p,Lepiota cristata
p,k,y,w,f,f,f,c,n,p,e,,k,s,w,p,p,w,o,e,w,s,d,Lepiota cristata
p,x,s,w,f,p,f,c,n,p,e,,k,k,w,w,p,w,o,e,w,s,l,Lepiota cristata
p,x,s,w,f,p,f,c,n,w,e,,k,s,p,p,p,w,o,e,w,s,p,Lepiota cristata
p,x,y,w,f,p,f,c,n,p,e,,s,s,p,p,p,w,o,e,w,s,l,Lepiota cristata
p,f,s,w,f,s,f,c,n,w,e,,s,s,p,w,p,w,o,e,w,s,l,Lepiota cristata
p,x,s,w,f,p,f,c,n,p,e,,k,s,p,p,p,w,o,e,w,s,l,Lepiota cristata
p,f,s,w,f,s,f,c,n,p,e,,k,k,w,w,p,w,o,e,w,s,p,Lepiota cristata
p,k,y,w,f,s,f,c,n,p,e,,k,k,w,p,p,w,o,e,w,s,p,Lepiota cristata
p,x,y,w,f,f,f,c,n,w,e,,k,k,p,w,p,w,o,e,w,s,l,Lepiota cristata
p,k,y,w,f,p,f,c,n,w,e,,s,s,w,p,p,w,o,e,w,s,l,Lepiota cristata
p,x,s,w,f,p,f,c,n,p,e,,k,k,w,w,p,w,o,e,w,s,d,Lepiota cristata
p,k,s,w,f,y,f,c,n,p,e,,k,s,p,p,p,w,o,e,w,s,d,Lepiota cristata
p,x,s,w,f,s,f,c,n,w,e,,s,k,p,w,p,w,o,e,w,s,p,Lepiota cristata
p,f,y,w,f,p,f,c,n,w,e,,s,s,w,w,p,w,o,e,w,s,d,Lepiota cristata
p,k,s,w,f,y,f,c,n,w,e,,k,k,w,p,p,w,o,e,w,s,p,Lepiota cristata
p,f,s,w,f,p,f,c,n,p,e,,s,s,p,w,p,w,o,e,w,s,d,Lepiota cristata
p,f,s,w,f,f,f,c,n,w,e,,k,k,w,w,p,w,o,e,w,s,p,Lepiota cristata
p,k,y,w,f,f,f,c,n,w,e,,s,s,w,p,p,w,o,e,w,s,l,Lepiota cristata
